name2,name,kind,ownership,address,manager,total,suspect_tenant,suspect_child,suspect_partner,suspect_other_family,suspect_acquaintance,suspect_employee,kind_economic_abuse_f,kind_economic_abuse_m,kind_emotional_abuse_f,kind_emotional_abuse_m,kind_physical_abuse_f,kind_physical_abuse_m,kind_sexual_abuse_f,kind_sexual_abuse_m,kind_rights_f,kind_rights_m,kind_neglect_f,kind_neglect_m,ref_police,ref_supervision,ref_pkid_saad,ref_pkid_saad,ref_police,ref_police,kind_siudi_complex,kind_siudi,kind_recovery,kind_independent,kind_exhausted_mind,kind_exhausted,kind_respiratory,suspect_tenant,suspect_child,ref_police,lat,lon
עולי בולגריה,בית אבות איחוד עולי בולגריה,מוסדות סיעוד גריאטרים,ציבורי,"האם ,8 ת.ד. 237","ד""ר פוליאק זאב",12,0,0,0,0,0,0,0,0,0,0,0,0,0,0,0,0,0,0,0,0,2,2,0,0,0,0,0,0,0,0,,0,0,0,32.0567897,34.7818849
נווה אורנים,מוסד נוה אורנים,מוסדות סיעוד גריאטרים,ציבורי,חזית הדרום 3,"ד""ר גייצן משה",0,0,0,0,0,0,0,0,0,0,0,0,0,0,0,0,0,0,0,0,0,0,0,0,0,0,0,0,0,0,0,,0,0,0,31.8094473,34.7699228
בית סביון קבוצת יבנה,בית סביון קבוצת יבנה,מחלקות סיעודיות בקיבוצים,פרטי,"קבוצת יבנה, ד.נ.אבטח","ד""ר דיטש מיטל",0,0,0,0,0,0,0,0,0,0,0,0,0,0,0,0,0,0,0,0,0,0,0,0,0,0,0,0,0,0,0,,0,0,0,31.81398699999999,34.719103
חמדת נוף ים,"חמדת נוף ים ע""י נוראל תחזוקה וניהול דיור מוגן בע""מ",מוסדות סיעוד גריאטרים,פרטי,"המגילה ,30 נוה חוף","ד""ר מרגולין אירינה",0,0,0,0,0,0,0,0,0,0,0,0,0,0,0,0,0,0,0,0,0,0,0,0,0,0,0,0,0,0,0,,0,0,0,31.9970562,34.7455809
בית פנחס נס ציונה,מוסד בית פנחס,מוסדות סיעוד גריאטרים,פרטי,כביש בית עובד,"ד""ר אמונץ מרינה",3,0,0,0,0,0,0,0,0,0,0,0,0,0,0,0,0,0,0,0,0,0,0,0,0,0,0,0,0,0,0,,0,0,0,31.9363165,34.7786355
א.א.אשפוז,בית אבות א.א. אשפוז אבות,מוסדות סיעוד גריאטרים,פרטי,רחוב בורוכוב 27,"ד""ר קלמנוביץ רפאל אהרון",0,0,0,0,0,0,0,0,0,0,0,0,0,0,0,0,0,0,0,0,0,0,0,0,0,0,0,0,0,0,0,,0,0,0,31.935557,34.8619698
נאות המושבה,נאות המושבה,מוסדות סיעוד גריאטרים,פרטי,הפטיש 6,"ד""ר לוי גורג שמואל",7,0,0,0,0,0,0,0,0,0,0,0,0,0,0,0,0,0,0,0,0,4,4,0,0,0,0,0,0,0,0,,0,0,0,31.9221915,34.7940766
בית מרפא גנים,בית אבות בית מרפא גנים,מוסדות סיעוד גריאטרים,פרטי,צוקרמן 14,"ד""ר ספיר אלכסנדר",0,0,0,0,0,0,0,0,0,0,0,0,0,0,0,0,0,0,0,0,0,0,0,0,0,0,0,0,0,0,0,,0,0,0,31.8101606,34.7690865
אחוזת ראשונים,"מוסד אחוזת ראשונים, אמריקר",מוסדות סיעוד גריאטרים,פרטי,הנחשול 30 נוה ים,"ד""ר לוי גורג שמואל",8,0,0,0,0,0,0,0,0,0,0,0,0,0,0,0,0,0,0,0,0,0,0,0,0,0,0,0,0,0,0,,0,0,0,31.9844131,34.7828072
גן דוד,מוסד גן דוד,מוסדות סיעוד גריאטרים,פרטי,הפלמח 4,"ד""ר אורמן נינה",0,0,0,0,0,0,0,0,0,0,0,0,0,0,0,0,0,0,0,0,0,0,0,0,0,0,0,0,0,0,0,,0,0,0,31.9564047,34.8123445
עד 120 ראשון לציון,עד 120 ראשון לציון,מוסדות סיעוד גריאטרים,פרטי,סמילנסקי 40,"ד""ר ליאונוב יובל",3,0,0,0,0,0,0,0,0,0,0,0,0,0,0,0,0,0,0,0,0,0,0,0,0,0,0,0,0,0,0,,0,0,0,31.9542104,34.8060573
מרכז גריאטרי ראשון לציון,מרכז הגריאטרי ראשון לציון,מרכזים גריאטרים,ממשלתי,"רח' רמז 95 ת.ד. ,88 ראשל""צ","ד""ר כהן רוזנפלד ורה",0,0,0,0,0,0,0,0,0,0,0,0,0,0,0,0,0,0,0,0,0,0,0,0,0,0,0,0,0,0,0,,0,0,0,31.9551847,34.7902697
גבעת ברנר,"מחלקה סיעודית בית אלמוג, קיבוץ גבעת ברנר",מחלקות סיעודיות בקיבוצים,פרטי,קיבוץ גבעת ברנר,"ד""ר חן ארצ'יל",13,0,0,0,0,0,0,0,0,0,0,0,0,0,0,0,0,0,0,0,0,0,0,0,0,0,0,0,0,0,0,,0,0,0,31.86661,34.802254
יד בנימין,בית סיעודי יד בנימין,מוסדות סיעוד גריאטרים,פרטי,הראל 2,"ד""ר חן ארצ'יל",0,0,0,0,0,0,0,0,0,0,0,0,0,0,0,0,0,0,0,0,0,0,0,0,0,0,0,0,0,0,0,,0,0,0,31.7954475,34.8224125
בית שיבולים ק.העוגן,בית שיבולים ק.העוגן,,,,,0,0,0,0,0,0,0,0,0,0,0,0,0,0,0,0,0,0,0,0,0,0,0,0,0,0,0,0,0,0,0,,0,0,0,32.360437,34.923338
בית עמי,מוסד בית עמי,מוסדות סיעוד גריאטרים,פרטי,שלמה המלך 41,"ד""ר מאירסון מיכל",7,0,0,0,0,0,0,0,0,0,0,0,0,0,0,0,0,0,0,0,0,0,0,0,0,0,0,0,0,0,0,,0,0,0,32.3389155,34.8543789
מחלקה סיעודית אור גנים,מחלקה סיעודית אור גנים,מוסדות סיעוד גריאטרים,פרטי,מנדלה מוכר ספרים 10,"ד""ר מנצור וליד",0,0,0,0,0,0,0,0,0,0,0,0,0,0,0,0,0,0,0,0,0,0,0,0,0,0,0,0,0,0,0,,0,0,0,32.284241,34.8563776
דבורה בנורדיה,מוסד דבורה בנורדיה,מוסדות סיעוד גריאטרים,פרטי,מושב נורדיה,"ד""ר סולומונוביץ שלומית חיה",4,0,0,0,0,0,0,0,0,0,0,0,0,0,0,0,0,0,0,0,0,0,0,0,0,0,0,0,0,0,0,,0,0,0,32.314656,34.896792
בית אור ביתן אהרון,בית אור ביתן אהרון,מוסדות סיעוד גריאטרים,פרטי,בת חן ג' 37 גבעת שפירא,"ד""ר קורולין אלכסנדר",5,0,0,0,0,0,0,0,0,0,0,0,0,0,0,0,0,0,0,0,0,0,0,0,0,0,0,0,0,0,0,,0,0,0,32.3602524,34.8748863
נופי השרון,מחלקה סיעודית נופי השרון,מוסדות סיעוד גריאטרים,פרטי,פתח תקוה 7,"ד""ר שיכמן סילבה",2,0,0,0,0,0,0,0,0,0,0,0,0,0,0,0,0,0,0,0,0,0,0,0,0,0,0,0,0,0,0,,0,0,0,32.3260075,34.86119720000001
גיל הזהב נתניה,גיל הזהב נתניה,מוסדות סיעוד גריאטרים,פרטי,סוף שדרות וייצמן,"ד""ר פידלמן וולף",0,0,0,0,0,0,0,0,0,0,0,0,0,0,0,0,0,0,0,0,0,0,0,0,0,0,0,0,0,0,0,,0,0,0,32.3422557,34.86035270000001
קרית שלמה,מוסד קרית שלמה,מוסדות סיעוד גריאטרים,פרטי,ת.ד. 168 (מושב בני ציון),"ד""ר יליאייב לב",10,0,0,0,0,0,0,0,0,0,0,0,0,0,0,0,0,0,0,0,0,2,2,0,0,0,0,0,0,0,0,,0,0,0,32.2243782,34.8578684
תפארת מוריה,תפארת מוריה,מוסדות סיעוד גריאטרים,פרטי,"ראשון לציון ,11 סמטת רמז ,4 רמז 7","ד""ר יליאייב לב",8,0,0,0,0,0,0,0,0,0,0,0,0,0,0,0,0,0,0,0,0,2,2,0,0,0,0,0,0,0,0,,0,0,0,32.3281956,34.8505576
פרוטיאה בכפר,"מוסד פרוטיאה בכפר, כפר אבות דרורים בע""מ",מוסדות סיעוד גריאטרים,פרטי,תל מונד ת.ד101.,"ד""ר קפלן ארנולד",0,0,0,0,0,0,0,0,0,0,0,0,0,0,0,0,0,0,0,0,0,0,0,0,0,0,0,0,0,0,0,,0,0,0,32.0862051,34.8717718
גני שרונים,מוסד גני שרונים,מוסדות סיעוד גריאטרים,פרטי,שומרון 61,"ד""ר קגסוב לובוב",2,0,0,0,0,0,0,0,0,0,0,0,0,0,0,0,0,0,0,0,0,1,1,0,0,0,0,0,0,0,0,,0,0,0,32.2643716,34.8837927
אחוזת השרון,משכנות אחוזת השרון (לשעבר בית באחוזת השרון),מוסדות סיעוד גריאטרים,פרטי,בן יהודה 28,"ד""ר פריאב דוד",ללא דווחים,0,0,0,0,0,0,0,0,0,0,0,0,0,0,0,0,0,0,0,0,0,0,0,0,0,0,0,0,0,0,,0,0,0,32.3059233,34.854655
"מוסד בית הדר, עין החורש","מוסד בית הדר, עין החורש",מוסדות סיעוד גריאטרים,פרטי,קיבוץ עין החורש,"ד""ר ז'לודקוב סבטלנה",0,0,0,0,0,0,0,0,0,0,0,0,0,0,0,0,0,0,0,0,0,0,0,0,0,0,0,0,0,0,0,,0,0,0,32.385871,34.939994
נוה טירה,מוסד נוה טירה,מוסדות סיעוד גריאטרים,פרטי,המוביל 20 ת.ד. 2558,"ד""ר מנצור וליד",ללא דווחים,0,0,0,0,0,0,0,0,0,0,0,0,0,0,0,0,0,0,0,0,0,0,0,0,0,0,0,0,0,0,,0,0,0,32.2361184,34.9442359
טייבה,טייבה,מוסדות סיעוד גריאטרים,ציבורי,חאלד אבן אלוליד ת.ד 820 טייבה,"ד""ר מנצור וליד",ללא דווחים,0,0,0,0,0,0,0,0,0,0,0,0,0,0,0,0,0,0,0,0,0,0,0,0,0,0,0,0,0,0,,0,0,0,32.266892,35.009675
תפארת אבות בכפר,בית חולים סיעודי תפארת אבות בכפר,מוסדות סיעוד גריאטרים,פרטי,מושב אחיעזר,"ד""ר גורביץ אלכסנדר",15,0,0,0,0,0,0,0,0,0,0,0,0,0,0,0,0,0,0,0,0,4,4,0,0,0,0,0,0,0,0,,0,0,0,31.981671,34.871821
מקום בלב,מוסד מקום בלב (לשעבר בית באטה),מוסדות סיעוד גריאטרים,פרטי,קרן היסוד 1,"ד""ר ויפריצקי יוליה",12,0,0,0,0,0,0,0,0,0,0,0,0,0,0,0,0,0,0,0,0,1,1,0,0,0,0,0,0,0,0,,0,0,0,31.9422481,34.83444470000001
בית רחל רמלה,מוסד בית רחל,מוסדות סיעוד גריאטרים,פרטי,הגדוד העברי 4,"ד""ר אברמצ'נקו רימה",0,0,0,0,0,0,0,0,0,0,0,0,0,0,0,0,0,0,0,0,0,0,0,0,0,0,0,0,0,0,0,,0,0,0,31.928094,34.872669
בית חולים נוה שבא לוד,בית חולים נווה שבא לוד,מוסדות סיעוד גריאטרים,פרטי,ז'בוטינסקי 5,"ד""ר גורביץ אלכסנדר",4,0,0,0,0,0,0,0,0,0,0,0,0,0,0,0,0,0,0,1,0,1,1,1,1,0,0,0,0,0,0,,0,0,1,31.9466403,34.8871065
נאות מרגוע,"נאות מרגוע ל.ב. בע""מ",מוסדות סיעוד גריאטרים,פרטי,האצל 7,"ד""ר צימרינג רגינה",ללא דווחים,0,0,0,0,0,0,0,0,0,0,0,0,0,0,0,0,0,0,0,0,0,0,0,0,0,0,0,0,0,0,,0,0,0,31.928459,34.8740581
נוה רעיה,נוה רעיה (א.ז. 2006),מוסדות סיעוד גריאטרים,פרטי,"כנסת ישראל ,23 שעריה","ד""ר קיפניס מריה",12,0,0,0,0,0,0,0,0,0,0,0,0,0,0,0,0,0,0,0,0,0,0,0,0,0,0,0,0,0,0,,0,0,0,32.0730777,34.9022678
נווה גיל הזהב,מוסד נוה גיל הזהב,מוסדות סיעוד גריאטרים,פרטי,חלוצת הפרדסנות 5-15,"ד""ר קלנדריוב אדוארד",4,0,0,0,0,0,0,0,0,0,0,0,0,0,0,0,0,0,0,0,0,0,0,0,0,0,0,0,0,0,0,,0,0,0,32.0957035,34.8829841
הבית בפרדס,בית אבות סיעודי הבית בפרדס,מוסדות סיעוד גריאטרים,פרטי,הפרדס 6,"ד""ר בשארה גיהאד",3,0,0,0,0,0,0,0,0,0,0,0,0,0,0,0,0,0,0,0,0,0,0,0,0,0,0,0,0,0,0,,0,0,0,32.1495697,34.8901676
ליאון רקנאטי,"בית אבות ע""ש ליאון רקנאטי",מוסדות סיעוד גריאטרים,ציבורי,"אינשטיין ,23 קרית מטלון","ד""ר שפטריק לב",7,0,0,0,0,0,0,0,0,0,0,0,0,0,0,0,0,0,0,0,0,0,0,0,0,0,0,0,0,0,0,,0,0,0,32.0903667,34.8516479
בית גיל פז,מוסד בית גיל פז,מוסדות סיעוד גריאטרים,פרטי,הגבורות 1,"ד""ר שפיגל דבורה טרי",5,0,0,0,0,0,0,0,0,0,0,0,0,0,0,0,0,0,0,0,0,0,0,0,0,0,0,0,0,0,0,,0,0,0,32.1706881,34.9160344
נוף המושבה,מוסד נוף המושבה,מוסדות סיעוד גריאטרים,פרטי,פינסקר 6,"ד""ר קליימן ארי",5,0,0,0,0,0,0,0,0,0,0,0,0,0,0,0,0,0,0,0,0,0,0,0,0,0,0,0,0,0,0,,0,0,0,32.1860984,34.8838031
נאות גיל רם,מוסד נאות גיל רם,מוסדות סיעוד גריאטרים,פרטי,פינסקר 68,"ד""ר מנסיאן מאיה",3,0,0,0,0,0,0,0,0,0,0,0,0,0,0,0,0,0,0,0,0,0,0,0,0,0,0,0,0,0,0,,0,0,0,32.0971937,34.88168840000001
בית השמש מגדיאל,מוסד בית השמש מגדיאל,מוסדות סיעוד גריאטרים,פרטי,רח' חנקין 74 הוד השרון,"ד""ר ידלצ'יק ולדימיר",ללא דווחים,0,0,0,0,0,0,0,0,0,0,0,0,0,0,0,0,0,0,0,0,0,0,0,0,0,0,0,0,0,0,,0,0,0,32.1573231,34.9133089
נועם רעננה,מוסד נועם,מוסדות סיעוד גריאטרים,פרטי,עקיבא 44,"ד""ר שניידר אורי",9,0,0,0,0,0,0,0,0,0,0,0,0,0,0,0,0,0,0,0,0,0,0,0,0,0,0,0,0,0,0,,0,0,0,32.185166,34.8823383
נווה שלו,בית אבות נוה שלו,מוסדות סיעוד גריאטרים,פרטי,"אלקלעי ,5 מושב עמישב","ד""ר סמטנין ולדימיר",2,0,0,0,0,0,0,0,0,0,0,0,0,0,0,0,0,0,0,0,0,0,0,0,0,0,0,0,0,0,0,,0,0,0,32.0770833,34.9128232
הבית של ורה,"הבית של ורה חב' גת פישר 2010 בע""מ",מוסדות סיעוד גריאטרים,פרטי,נתיב האבות,"ד""ר דולברג און",3,0,0,0,0,0,0,0,0,0,0,0,0,0,0,0,0,0,0,0,0,0,0,0,0,0,0,0,0,0,0,,0,0,0,32.1750302,34.89092979999999
עמל בשרון לשעבר עמל סיעודית רעננה ,עמל בשרון (לשעבר עמל סיעודית רעננה),מוסדות סיעוד גריאטרים,פרטי,"אחוזה ,301 מול הפארק","ד""ר אוצ'רטני אירינה",3,0,0,0,0,0,0,0,0,0,0,0,0,0,0,0,0,0,0,0,0,1,1,0,0,0,0,0,0,0,0,,0,0,0,32.1843364,34.8531785
נאות השרון,מרכז סיעודי נאות השרון,מוסדות סיעוד גריאטרים,פרטי,"קק""ל ,6פ""ת","ד""ר גלצר גריגורי",12,0,0,0,0,0,0,0,0,0,0,0,0,0,0,0,0,0,0,5,0,4,4,5,5,0,0,0,0,0,0,,0,0,5,32.0789543,34.8824208
בית אבות בית הדקל,בית אבות בית הדקל,מוסדות סיעוד גריאטרים,ציבורי,נצח ישראל 15,"ד""ר חוולס סולומיה",ללא דווחים,0,0,0,0,0,0,0,0,0,0,0,0,0,0,0,0,0,0,0,0,0,0,0,0,0,0,0,0,0,0,,0,0,0,32.090509,34.9003222
אחוזת בית רעננה,מוסד אחוזת בית,מוסדות סיעוד גריאטרים,פרטי,"אחוזה ,269 רעננה",פרופ' אדונסקי אברהם,0,0,0,0,0,0,0,0,0,0,0,0,0,0,0,0,0,0,0,0,0,0,0,0,0,0,0,0,0,0,0,,0,0,0,32.184923,34.8543869
גן שלוה,מוסד גן שלוה,מוסדות סיעוד גריאטרים,פרטי,ארלוזורוב 5,"ד""ר פרסאייזן אקטרינה",ללא דווחים,0,0,0,0,0,0,0,0,0,0,0,0,0,0,0,0,0,0,0,0,0,0,0,0,0,0,0,0,0,0,,0,0,0,32.1618924,34.8830365
המבריא,מוסד המבריא,מוסדות סיעוד גריאטרים,פרטי,"רופין 13,15","ד""ר דוד שושנה",4,0,0,0,0,0,0,0,0,0,0,0,0,0,0,0,0,0,0,0,0,0,0,0,0,0,0,0,0,0,0,,0,0,0,32.1708711,34.9154043
בית אור הדרים,מוסד בית אור הדרים,מוסדות סיעוד גריאטרים,פרטי,בן יהודה 77,"ד""ר מסרי נומן",1,0,0,0,0,0,0,0,0,0,0,0,0,0,0,0,0,0,0,0,0,0,0,0,0,0,0,0,0,0,0,,0,0,0,32.1831415,34.92637910000001
בית אור בית בכפר,מוסד בית אור בית בכפר,מוסדות סיעוד גריאטרים,פרטי,בן יהודה 71,"ד""ר מסרי נומן",1,0,0,0,0,0,0,0,0,0,0,0,0,0,0,0,0,0,0,0,0,0,0,0,0,0,0,0,0,0,0,,0,0,0,32.1832295,34.9228989
עד 120 הוד השרון,מוסד עד 120 - הוד השרון,מוסדות סיעוד גריאטרים,פרטי,הטווס 1,"ד""ר מושקוביץ' יבגני",2,0,0,0,0,0,0,0,0,0,0,0,0,0,0,0,0,0,0,0,0,0,0,0,0,0,0,0,0,0,0,,0,0,0,32.14262410000001,34.8923803
טנדר לאבינג קר  הוד השרון,"טנדר לאבינג קר בע""מ הוד השרון",מוסדות סיעוד גריאטרים,פרטי,דרך הים 1,"ד""ר ליכטנשטיין אנטולי",6,0,0,0,0,0,0,0,0,0,0,0,0,0,0,0,0,0,0,0,0,1,1,0,0,0,0,0,0,0,0,,0,0,0,32.135694,34.891186
אור להורים ג'לג'וליה,אור להורים ג'לג'וליה,מוסדות סיעוד גריאטרים,פרטי,"כביש ראשי ג'לג'וליה, צומת שדה חמד","ד""ר אבו ריא ספואת",2,0,0,0,0,0,0,0,0,0,0,0,0,0,0,0,0,0,0,0,0,0,0,0,0,0,0,0,0,0,0,,0,0,0,32.1524568,34.9539749
גני רום,גני רום,מוסדות סיעוד גריאטרים,פרטי,עין גדי 34,"ד""ר בילצ'ינסקי-נדירובה תמר",4,0,0,0,0,0,0,0,0,0,0,0,0,0,0,0,0,0,0,0,0,0,0,0,0,0,0,0,0,0,0,,0,0,0,32.0919,34.8502408
מרכז אזורי לקשיש אשדוד,מרכז אזורי לקשיש אשדוד,מוסדות סיעוד גריאטרים,ציבורי,הרב ניסים 7,"ד""ר אמונץ מרינה",0,0,0,0,0,0,0,0,0,0,0,0,0,0,0,0,0,0,0,0,0,0,0,0,0,0,0,0,0,0,0,0,0,0,0,31.799654,34.6510463
אחוזת הורים,"אחוזת הורים - קופריקה נכסים בע""מ (לשעבר אחוזת הורים אפרידר)",מוסדות סיעוד גריאטרים,פרטי,דב ברייר 5,"ד""ר דרוז'ניקוב טטיאנה",0,0,0,0,0,0,2,0,0,0,1,1,0,0,0,0,0,0,0,2,0,0,0,2,2,0,2,0,0,0,0,0,0,0,2,31.6703385,34.5691358
נאות אבי אשקלון,מוסד נאות אבי אשקלון,מוסדות סיעוד גריאטרים,פרטי,קרן היסוד 15,"ד""ר מדבד בוריס",0,0,0,0,1,0,2,1,0,0,0,1,2,0,0,0,0,1,0,0,1,0,0,0,0,0,2,0,0,1,0,0,0,0,0,31.6572302,34.5713045
"בית אבות ע""ש היילפרן","בית אבות ע""ש היילפרן",מוסדות סיעוד גריאטרים,ציבורי,אבשלום חביב 6 ת.ד. 7219,"ד""ר פקנייבה ניקדם",0,0,0,1,0,0,4,0,0,3,0,0,2,0,0,0,0,0,0,0,0,0,0,0,0,0,4,0,0,1,0,0,0,0,0,31.6535393,34.5513258
בית חיל,"בית חיל, קיבוץ ברור חיל",מחלקות סיעודיות בקיבוצים,פרטי,קיבוץ ברור חיל,"ד""ר מוגילבסקי גלינה",0,0,0,0,0,0,0,0,0,0,0,0,0,0,0,0,0,0,0,0,0,0,0,0,0,0,0,0,0,0,0,0,0,0,0,31.55698499999999,34.646547
עמל גת,עמל גת,,,,,0,0,0,0,0,0,0,0,0,0,0,0,0,0,0,0,0,0,0,0,0,0,0,0,0,0,0,0,0,0,0,0,0,0,0,31.627796,34.794112
בית האורן,בית האורן,מחלקות סיעודיות בקיבוצים,פרטי,"קיבוץ יד מרדכי, ד.נ. חוף אשקלון","ד""ר מוגילבסקי גלינה",0,0,0,0,0,0,0,0,0,2,0,0,0,0,0,0,0,0,0,0,0,0,0,0,0,0,2,0,0,0,0,0,0,0,0,31.586963,34.5575
"בית הדר שיקום
","בית הדר שיקום
",מוסדות סיעוד גריאטרים,ציבורי,"אורט ,3 ת.ד 1041",פרופ' פרידמן גדעון,0,0,2,2,0,0,9,0,1,5,0,1,3,1,0,0,0,0,2,0,0,1,1,0,0,5,3,2,0,2,0,1,0,2,0,31.8151412,34.6481266
 בית גבריאל שירותי אשפוז ,"בית גבריאל שירותי אשפוז בע""מ",מוסדות סיעוד גריאטרים,פרטי,דרך הדרום 13,"ד""ר יורקביץ' ולנטין",0,3,1,0,0,1,5,0,0,1,1,6,0,1,0,0,0,1,0,1,1,1,1,1,1,0,9,0,0,1,0,0,3,1,1,31.6040234,34.7744161
חצור,"מחלקה סיעודית, קיבוץ חצור",מחלקות סיעודיות בקיבוצים,פרטי,קיבוץ חצור,"ד""ר חן ארצ'יל",0,0,0,0,0,0,0,0,0,0,0,0,0,0,0,0,0,0,0,0,0,0,0,0,0,0,0,0,0,0,0,0,0,0,0,31.775691,34.720151
נווה שבא סיטי,נווה שבא סיטי,מוסדות סיעוד גריאטרים,פרטי,העצמאות 63 א,"ד""ר פרלוב זויה",0,0,0,0,0,0,0,0,0,0,0,0,1,0,0,0,0,0,0,0,0,0,0,0,0,0,1,0,0,0,0,0,0,0,0,31.7903277,34.6466749
"בית רחל ליצ'ק, אחווה","בית רחל ליצ'ק, אחווה",מוסדות סיעוד גריאטרים,פרטי,צומת כפר אחים ת.ד79.,"ד""ר מאייר אלכסנדר",0,9,2,0,0,0,1,0,0,0,0,8,2,0,0,0,0,0,1,0,0,0,0,0,0,0,4,0,0,8,0,0,9,2,0,31.742342,34.765508
בית אילדן,בית בלב בית אילדן,מוסדות סיעוד גריאטרים,פרטי,החשמונאים 76,"ד""ר סושקו סופיה",3,1,0,0,0,0,3,0,0,1,0,2,0,0,0,0,0,0,0,0,0,0,0,0,0,0,3,,0,0,0,,1,0,0,32.8451154,35.0823535
"בית גבריאל, קרית שמואל","בית גבריאל, קרית שמואל",מוסדות סיעוד גריאטרים,פרטי,"דב פרומר ,19 קרית שמואל","ד""ר ורחובסקי ראיסה",3,0,0,1,0,1,0,0,0,1,0,1,0,1,0,0,0,0,0,0,0,1,1,0,0,0,1,,0,1,0,,0,0,0,32.8399025,35.0723895
בית דינה,בית אבות בית דינה,מוסדות סיעוד גריאטרים,ציבורי,אדם הכהן 3,"ד""ר גייטס אליזבת",4,0,0,0,0,0,4,0,0,1,0,1,1,0,0,0,0,1,0,1,0,1,1,1,1,0,3,,0,0,0,,0,0,1,32.781333,35.0168044
בית יולס,בית אבות בית יולס,מוסדות סיעוד גריאטרים,ציבורי,ככר הרקפת 1,"ד""ר דגש ג'מאל",2,0,0,0,0,0,2,0,0,0,0,2,0,0,0,0,0,0,0,0,0,0,0,0,0,0,1,,0,0,0,,0,0,0,32.8082371,34.976671
מוריה שושנת הכרמל,מוסד מוריה שושנת הכרמל (לשעבר בית יערה - כרמל),מוסדות סיעוד גריאטרים,פרטי,שושנת הכרמל 90,"ד""ר קזצ'קוב לובוב",2,0,0,0,0,0,2,0,0,0,0,1,0,0,0,0,0,0,1,0,0,0,0,0,0,0,2,,0,0,0,,0,0,0,32.8096191,34.9773559
מוריה נוה שאנן,מוסד מוריה נווה שאנן (לשעבר בית יערה-נווה שאנן),מוסדות סיעוד גריאטרים,פרטי,"הגליל ,104 נווה שאנן","ד""ר ריז'ק ילנה",3,0,0,0,0,0,1,0,0,0,1,0,0,0,0,0,0,0,0,0,0,0,0,0,0,0,3,,0,0,0,,0,0,0,32.7868521,35.0211291
בן יהודה חיפה,בית אבות בן יהודה,מוסדות סיעוד גריאטרים,פרטי,"דרך הים ,179 ,154 כרמל מערבי","ד""ר זלסוב אדוארד",11,0,0,0,0,0,11,0,0,2,0,8,1,0,0,0,0,0,0,1,0,0,0,1,1,0,9,,0,2,0,,0,0,1,32.8140137,34.9669373
בן יהודה קרית אתא,"בית הורים בן יהודה, קרית אתא",מוסדות סיעוד גריאטרים,פרטי,העצמאות 100,"ד""ר זלסוב אדוארד",15,0,0,0,0,0,15,0,0,1,0,7,7,0,0,0,0,0,0,5,0,3,3,5,5,0,11,,0,3,0,,0,0,5,32.8107643,35.104746
בני ברית,בית אבות בני ברית,מוסדות סיעוד גריאטרים,ציבורי,"אחוזה, ת.ד7299.","ד""ר בר אילן",0,0,0,0,0,0,0,0,0,0,0,0,0,0,0,0,0,0,0,0,0,0,0,0,0,0,0,,0,0,0,,0,0,0,32.7965557,34.9939429
מרכז גריאטרי מוריה,מרכז גריאטרי מוריה (לשעבר גרף),מוסדות סיעוד גריאטרים,פרטי,פבזנר 39,"ד""ר חסון ג'מאל",4,0,0,0,0,0,4,0,0,0,0,0,1,0,0,0,0,0,3,0,0,0,0,0,0,0,2,,0,2,0,,0,0,0,32.8056707,35.0000422
דור טבעון,דור טבעון,מוסדות סיעוד גריאטרים,פרטי,משה דיין 8,"ד""ר מיכלק רן",3,0,0,0,0,0,3,0,0,1,0,2,0,0,0,0,0,0,0,0,0,0,0,0,0,0,1,,0,2,0,,0,0,0,32.7057754,35.1167378
דור כרמל,דור כרמל,מוסדות סיעוד גריאטרים,פרטי,"גדליהו 1 א', נוה שאנן","ד""ר מיכלק רן",6,2,0,0,0,0,4,0,0,1,1,0,2,0,0,2,0,0,1,1,0,0,0,1,1,0,4,,0,2,0,,2,0,1,32.7824445,35.0267911
החותרים,"בית מיכל, קיבוץ החותרים",מחלקות סיעודיות בקיבוצים,פרטי,ד.נ. חוף הכרמל,"ד""ר בדיץ' אירינה",0,0,0,0,0,0,0,0,0,0,0,0,0,0,0,0,0,0,0,0,0,0,0,0,0,0,0,,0,0,0,,0,0,0,32.749983,34.957717
וינדזור ,בית אבות וינדזור,מוסדות סיעוד גריאטרים,פרטי,שדרות בן גוריון 15,"ד""ר לוין ילנה",0,0,0,0,0,0,0,0,0,0,0,0,0,0,0,0,0,0,0,0,0,0,0,0,0,0,0,,0,0,0,,0,0,0,32.8215649,34.9916691
בית הורים חמדת אבות,בית הורים חמדת אבות,מוסדות סיעוד גריאטרים,פרטי,הרצליה 35 ת.ד 9569,"ד""ר ברשדסקי יעקב",1,0,0,0,0,0,1,0,0,0,0,1,0,0,0,0,0,0,0,0,0,0,0,0,0,0,1,,0,0,0,,0,0,0,32.8144567,34.9920339
יגור,"בית אחווה (לשעבר כרמל), קיבוץ יגור",מוסדות סיעוד גריאטרים,פרטי,קיבוץ יגור,"ד""ר סרפימוביץ' סימה",2,0,0,0,0,0,2,0,0,1,0,1,0,0,0,0,0,0,0,0,0,0,0,0,0,0,2,,0,0,0,,0,0,0,32.741532,35.076826
לב הכרמל,לב הכרמל,,,,,0,0,0,0,0,0,0,0,0,0,0,0,0,0,0,0,0,0,0,0,0,0,0,0,0,0,0,,0,0,0,,0,0,0,32.7979788,34.9833254
בית אבות מנפאור קר  מעון הרופא,"בית אבות מנפאור קר בע""מ מעון הרופא",מוסדות סיעוד גריאטרים,פרטי,"דורי ,9 נווה שאנן","ד""ר קסיס ופא",1,0,0,0,0,0,1,0,0,0,0,0,0,0,1,0,0,0,0,1,0,0,0,1,1,0,1,,0,0,0,,0,0,1,32.7838274,35.0199129
בית נועם,"מחלקה סיעודית בית נועם, קיבוץ גניגר",מחלקות סיעודיות בקיבוצים,פרטי,"קיבוץ גניגר, עמק יזרעאל","ד""ר סלימאן אחמד",1,0,0,0,0,0,1,0,0,0,0,0,0,0,0,0,0,0,1,1,0,0,0,1,1,0,1,,0,0,0,,0,0,1,32.663419,35.259861
משען כרמל,בית אבות משען כרמל,מוסדות סיעוד גריאטרים,ציבורי,רחוב אידר 12,"ד""ר ליטבסקי חיוסיה",0,0,0,0,0,0,0,0,0,0,0,0,0,0,0,0,0,0,0,0,0,0,0,0,0,0,0,,0,0,0,,0,0,0,32.7802796,34.9906327
נאות כיפת הזהב,"מוסד נאות חיפה (2015) בע""מ (לשעבר נאות כיפת הזהב)",מוסדות סיעוד גריאטרים,פרטי,כיכר מאירהוף 1,"ד""ר סלגניק טינה",9,0,0,0,0,0,8,0,0,0,0,3,4,0,0,0,0,1,1,3,0,1,1,3,3,0,8,,0,1,0,,0,0,3,32.8247163,34.9828051
נאות ים,מוסד נאות הים,מוסדות סיעוד גריאטרים,ציבורי,"צה""ל 26 א","ד""ר קרייזלמן אינה",1,0,0,0,0,0,1,0,0,0,0,0,1,0,0,0,0,0,0,0,0,0,0,0,0,0,1,,0,0,0,,0,0,0,32.8478028,35.0635913
נוף הגפן,מוסד נוף הגפן,מוסדות סיעוד גריאטרים,פרטי,הגפן 4,"ד""ר סינוף גרי דזמונד",2,0,0,0,0,0,2,0,0,1,0,0,0,0,0,0,0,0,1,0,0,0,0,0,0,1,1,,0,0,0,,0,0,0,32.8161887,34.9915094
מוריה הדר,מוסד מוריה הדר (לשעבר נוף הדר),מוסדות סיעוד גריאטרים,פרטי,סירקין 18 חיפה,"ד""ר קזצ'קוב לובוב",3,0,0,0,0,0,3,0,0,0,0,0,1,0,0,0,0,1,1,0,0,0,0,0,0,0,3,,0,0,0,,0,0,0,32.8098728,35.0001602
נוף הקריה,נוף הקריה,,,,,2,0,0,0,0,0,2,0,0,0,0,0,0,0,0,0,0,0,2,0,0,0,0,0,0,0,2,,0,0,0,,0,0,0,32.8671917,35.0965208
נוף טבעון,מוסד נוף טבעון,מוסדות סיעוד גריאטרים,פרטי,האורנים 58 נוף טבעון,"ד""ר זוביידאת אחמד",4,1,0,0,0,0,3,0,0,2,0,0,1,1,0,0,0,0,0,0,0,0,0,0,0,0,4,,0,0,0,,1,0,0,32.718111,35.121826
נוף ים עמיגור,מוסד נוף ים עמיגור,מוסדות סיעוד גריאטרים,ציבורי,יוספטל 24,"ד""ר קרייזלמן אינה",1,0,0,0,0,0,1,0,0,0,1,0,0,0,0,0,0,0,0,1,0,0,0,1,1,0,1,,0,0,0,,0,0,1,32.8519094,35.0666616
פסגת אחוזה,בית הורים פסגת אחוזה,מוסדות סיעוד גריאטרים,ציבורי,שד' סיני 6,"ד""ר בסנטין צימבלוב אירינה",0,0,0,0,0,0,0,0,0,0,0,0,0,0,0,0,0,0,0,0,0,0,0,0,0,0,0,,0,0,0,,0,0,0,32.7869699,34.9870014
הספרדי,בית אבות הספרדי בית אברהם,מוסדות סיעוד גריאטרים,ציבורי,גדליהו 1,"ד""ר אבו ריא ספואת",31,1,0,0,1,1,26,0,0,4,0,23,4,0,0,0,0,0,0,2,0,1,1,2,2,0,30,,0,1,0,,1,0,2,32.7823944,35.0253215
עולי מרכז אירופה,ראשוני הכרמל (לשעבר בית הורים של ארגון עולי מרכז אירופה),מוסדות סיעוד גריאטרים,ציבורי,רחוב מאפו 5-7,"ד""ר זפרוב ילנה",3,0,0,0,0,0,3,0,0,0,0,1,0,0,0,0,0,2,0,1,0,3,3,1,1,0,3,,0,0,0,,0,0,1,32.7871954,34.9843186
פסגת אחוזה,בית הורים פסגת אחוזה,מוסדות סיעוד גריאטרים,ציבורי,שד' סיני 6,"ד""ר בסנטין צימבלוב אירינה",0,0,0,0,0,0,0,0,0,0,0,0,0,0,0,0,0,0,0,0,0,0,0,0,0,0,0,,0,0,0,,0,0,0,32.7869699,34.9870014
פסגת חן,מחלקה סיעודית פסגת חן של ארגון יוצאי מרכז אירופה,מוסדות סיעוד גריאטרים,ציבורי,בת חן 40,"ד""ר מנדרוסוב ראיסה",0,0,0,0,0,0,0,0,0,0,0,0,0,0,0,0,0,0,0,0,0,0,0,0,0,0,0,,0,0,0,,0,0,0,32.7867197,35.0084513
מוריה קרית בנימין,בית חולים סיעודי מוריה קרית אתא (לשעבר קרית בנימין),מוסדות סיעוד גריאטרים,פרטי,לילינבלום 37,"ד""ר קסיס ופא",0,0,0,0,0,0,0,0,0,0,0,0,0,0,0,0,0,0,0,0,0,0,0,0,0,0,0,,0,0,0,,0,0,0,32.7996837,35.0971123
קרית ים,קרית ים,,,,,1,0,0,0,0,0,1,0,0,0,0,0,1,0,0,0,0,0,0,0,0,0,0,0,0,0,1,,0,0,0,,0,0,0,32.8401065,35.0595015
רמת יוחנן,"מחלקה סיעודית חמדת אבות, קיבוץ רמת יוחנן",מחלקות סיעודיות בקיבוצים,פרטי,קיבוץ רמת יוחנן,"ד""ר גורני משה",0,0,0,0,0,0,0,0,0,0,0,0,0,0,0,0,0,0,0,0,0,0,0,0,0,0,0,,0,0,0,,0,0,0,32.793457,35.122208
ש י להורים,מרכז גריאטרי - ש. י. להורים,מוסדות סיעוד גריאטרים,פרטי,הקורנס 10,"ד""ר היינריך אבי",3,0,0,0,0,0,3,0,0,1,0,0,0,0,0,0,0,2,0,0,0,0,0,0,0,0,0,,0,3,0,,0,0,0,32.7891033,35.0357949
 שער העמקים,"בית אבות מול כרמל, שער העמקים",מוסדות סיעוד גריאטרים,פרטי,דואר שער העמקים,"ד""ר פרסבורגר דינה",7,1,0,0,0,0,6,0,0,1,0,3,2,0,0,0,0,0,1,0,0,1,1,0,0,0,5,,0,2,0,,1,0,0,32.6988198,35.31185500000001
מעיין צבי,מעיין צבי,,,,,0,0,0,0,0,0,0,0,0,0,0,0,0,0,0,0,0,0,0,0,0,0,0,0,0,0,0,,0,0,0,,0,0,0,32.568484,34.940623
בית בלב נשר,בית בלב נשר,מוסדות סיעוד גריאטרים,פרטי,דרך השלום 11,"ד""ר בר אל חיים",3,0,0,0,0,1,6,0,0,1,1,2,3,0,0,0,0,0,0,0,0,3,3,0,0,6,1,,0,0,0,,0,0,0,32.770512,35.0468891
משכנות הזהב,מוסד משכנות הזהב,מוסדות סיעוד גריאטרים,פרטי,שכונת הנשיא וייצמן,"ד""ר שמש דוד",0,0,0,0,0,0,0,0,0,0,0,0,0,0,0,0,0,0,0,0,0,0,0,0,0,0,0,,0,0,0,,0,0,0,32.4394496,34.9209871
בית הנשיא חדרה לשעבר נכסי משפחת שבי,בית הנשיא חדרה (לשעבר נכסי משפחת שבי),מוסדות סיעוד גריאטרים,פרטי,הנשיא 82,"ד""ר סוצקבר אלכסנדר",0,0,0,0,0,0,0,0,0,0,0,0,0,0,0,0,0,0,0,0,0,0,0,0,0,0,0,,0,0,0,,0,0,0,32.4378666,34.9265838
מעגן מיכאל,"מחלקה סיעודית בית כרמל, קיבוץ מעגן מיכאל",מחלקות סיעודיות בקיבוצים,פרטי,קיבוץ מעגן מיכאל,"ד""ר גינזבורג יואב",0,0,0,0,0,0,0,0,0,0,0,0,0,0,0,0,0,0,0,0,0,0,0,0,0,0,0,,0,0,0,,0,0,0,32.55871,34.917816
עין שמר,עין שמר,מחלקות סיעודיות בקיבוצים,פרטי,קיבוץ עין שמר ד.נ. חפר,"ד""ר קוזנצוב מילנה",0,0,0,0,0,0,0,0,0,0,0,0,0,0,0,0,0,0,0,0,0,0,0,0,0,0,0,,0,0,0,,0,0,0,32.461917,35.00673
גן שמואל,"מחלקה סיעודית בית דורות, קיבוץ גן שמואל",מחלקות סיעודיות בקיבוצים,פרטי,קיבוץ גן שמואל ד.נ. חפר,"ד""ר ז'לודקוב סבטלנה",2,0,0,0,0,0,2,0,0,0,0,2,0,0,0,0,0,0,0,0,0,0,0,0,0,0,1,,0,0,0,,0,0,0,32.077299,34.849206
בית אבות עד 120,בית אבות עד 120,מוסדות סיעוד גריאטרים,ציבורי,שכונת ברנדס,"ד""ר פסח אלכסנדר",0,0,0,0,0,0,0,0,0,0,0,0,0,0,0,0,0,0,0,0,0,0,0,0,0,0,0,,0,0,0,,0,0,0,32.423571,34.922143
אורפז ,"אורפז - מערך שירותים לקשישים תשושי נפש, באר שבע",מוסדות סיעוד גריאטרים,רשות מקומית,"רד""ק ,45 ת.ד. 3405","ד""ר גמרוב ולדימיר",2,0,0,0,0,0,1,0,0,0,1,0,1,0,0,0,0,0,0,0,0,0,0,0,0,0,0,0,0,2,0,,0,0,0,31.256328,34.7725125
בית אבות אופקים ,"בית אבות אופקים ע""ש הרי וז'נט וינברג",מוסדות סיעוד גריאטרים,ציבורי,קדש 25 א,"ד""ר גפוננקו ראיסה",6,0,0,0,0,0,0,0,0,3,3,0,0,0,0,0,0,0,0,0,0,0,0,0,0,0,3,0,0,0,3,,0,0,0,32.113679,34.8164407
בית אבות משולב באר שבע,בית אבות משולב באר שבע,מוסדות סיעוד גריאטרים,ציבורי,רחוב דוד המלך 20,"ד""ר מטליס נטליה",6,0,0,0,0,0,0,0,0,0,0,0,0,0,0,0,0,0,0,0,0,3,3,0,0,0,0,0,0,0,6,,0,0,0,31.2641332,34.7903942
בית אבות משען אבות הנגב,בית אבות משען אבות הנגב,מוסדות סיעוד גריאטרים,ציבורי,אלפסי 12,"ד""ר גפוננקו ראיסה",1,0,0,0,0,0,1,0,0,0,0,0,1,0,0,0,0,0,0,0,0,1,1,0,0,0,1,0,0,0,0,,0,0,0,31.2582916,34.7726099
בית אבות שירלי,בית אבות שירלי,מוסדות סיעוד גריאטרים,ציבורי,בבא סאלי 2,"ד""ר גולקרוב מרגריטה",3,1,1,0,0,0,1,0,0,1,0,1,0,0,0,0,1,0,0,1,0,0,0,1,1,0,0,0,0,2,1,,1,1,1,31.0603998,35.0259695
בית בלב אילת,בית בלב אילת,מוסדות סיעוד גריאטרים,פרטי,"שדרות התמרים ,39 פינת איילות","ד""ר שחק עדי",3,0,0,1,0,1,1,0,1,0,1,1,0,0,0,0,0,0,0,1,0,2,2,1,1,0,3,0,0,0,0,,0,0,1,29.5603751,34.95096360000001
בית בלב עומר,בית בלב עומר,מוסדות סיעוד גריאטרים,פרטי,עומר ת.ד. 1258,"ד""ר פריד אנה ורוניקה סיל",3,0,0,0,0,0,3,0,0,0,0,0,3,0,0,0,0,0,0,1,0,0,0,1,1,2,0,1,0,0,0,,0,0,1,31.1925263,29.9257291
בית חולים נווה שבא באר שבע,בית חולים נווה שבא באר שבע,מוסדות סיעוד גריאטרים,פרטי,שלמה המלך 15,"ד""ר ראובני חיים",11,0,0,0,0,0,0,0,0,0,0,0,11,0,0,0,0,0,0,0,0,0,0,0,0,3,6,1,0,0,1,,0,0,0,31.2604672,34.7966907
מוסד בית יונה,מוסד בית יונה,מוסדות סיעוד גריאטרים,ציבורי,יעקב דורי 2,"ד""ר שניר יורם",0,0,0,0,0,0,0,0,0,0,0,0,0,0,0,0,0,0,0,0,0,0,0,0,0,0,0,0,0,0,0,,0,0,0,31.2677464,34.7846368
"מוסד גני יעלים בע""מ","מוסד גני יעלים בע""מ",מוסדות סיעוד גריאטרים,פרטי,העליה 1,"ד""ר ניץ ויקטוריה",5,0,0,0,0,0,5,0,0,0,0,3,2,0,0,0,0,0,0,0,0,0,0,0,0,0,5,0,0,0,0,,0,0,0,31.24947169999999,34.7808331
מוסד דורות בנגב,מוסד דורות בנגב,מוסדות סיעוד גריאטרים,פרטי,כפר דרום 4,"ד""ר אלקרינאוי חוסני",12,0,0,0,0,1,11,0,0,1,0,7,2,0,0,0,0,0,0,0,0,0,0,0,0,0,12,0,0,0,0,,0,0,0,31.23606179999999,34.7881827
"מרכז סיעודי איתנים בע""מ","מרכז סיעודי איתנים בע""מ",מוסדות סיעוד גריאטרים,פרטי,"העליה 3 א',ב""ש","ד""ר וינר איגור",6,0,0,0,1,0,0,0,1,0,3,0,0,0,0,0,0,1,1,0,6,0,0,0,0,0,4,0,0,0,2,,0,0,0,31.2498577,34.7812321
מרכז פיס סיעודי נתיבות,מרכז פיס סיעודי נתיבות,מוסדות סיעוד גריאטרים,ציבורי,"שד' ירושלים ,168 ת.ד. 6908","ד""ר שטרנברג יהודה",5,0,0,1,0,1,3,0,0,0,0,3,0,0,0,0,1,1,0,0,1,1,1,0,0,0,4,0,0,1,0,,0,0,0,31.4202777,34.5779208
נווה שבא השלום,נווה שבא השלום,מוסדות סיעוד גריאטרים,פרטי,יד ושם 18,"ד""ר קלסוב לאונורה",4,1,0,0,0,0,3,0,0,0,0,2,1,1,0,0,0,0,0,1,1,0,0,1,1,0,1,0,0,3,0,,1,0,1,31.2504392,34.8023591
"מחלקה סיעודית נאות בארי, קיבוץ בארי","מחלקה סיעודית נאות בארי, קיבוץ בארי",מחלקות סיעודיות בקיבוצים,פרטי,"קיבוץ בארי, ד.נ. הנגב","ד""ר סטוליאר לאוניד",1,0,0,0,0,0,1,0,0,0,1,0,0,0,0,0,0,0,0,0,0,0,0,0,0,0,1,0,0,0,0,,0,0,0,31.424513,34.492567
מרכז לבריאות הנפש באר שבע,מרכז לבריאות הנפש באר שבע,מוסדות לבריאות הנפש,ממשלתי,רח' הצדיק מירושלים 2,פרופ' קפלן זאב,0,0,0,0,0,0,0,0,0,0,0,0,0,0,0,0,0,0,0,0,0,0,0,0,0,0,0,0,0,0,0,,0,0,0,31.271727,34.7823815
אלנבי,בית אבות חברת מושב זקנים אלנבי,מוסדות סיעוד גריאטרים,ציבורי,רחוב אלנבי 89,"ד""ר פרייב ראיסה",0,0,0,0,0,0,0,0,0,0,0,1,0,0,0,0,0,0,0,1,0,1,1,1,1,0,1,0,0,0,0,,0,0,1,32.06583140000001,34.7720964
אחוזת אייל- נאות אבי,אחוזת אייל- נאות אבי,מוסדות סיעוד גריאטרים,פרטי,"י""ח 13 סקיה א","ד""ר פרלוב זויה",0,0,0,0,0,0,0,0,0,0,0,0,0,0,0,0,0,0,0,0,0,0,0,0,0,0,0,0,0,0,0,,0,0,0,32.028021,34.8668178
אחוזת אבא ואמא,אחוזת אבא ואמא,,,,,0,0,0,0,0,0,0,0,0,0,0,0,0,0,0,0,0,0,0,0,0,0,0,0,0,0,0,0,0,0,0,,0,0,0,32.0919755,34.8381512
אניטה כהן מילר,"בית הורים ע""ש אניטה מילר כהן של ארגון יוצאי מרכז אירופה",מוסדות סיעוד גריאטרים,ציבורי,רחוב רזיאל 28 רמת חן,"ד""ר לובצקי בני אהרון",0,0,0,0,0,0,0,0,0,0,0,0,0,0,0,0,0,0,0,0,0,0,0,0,0,0,0,0,0,0,0,,0,0,0,32.0555199,34.8225525
בית הורים רחל ליצק,בית הורים רחל ליצ'ק,מוסדות סיעוד גריאטרים,פרטי,משה שרת 35 ת.ד 11017 אזור,"ד""ר אוריצקי סופיה",0,0,0,0,0,0,0,0,0,0,0,0,0,0,0,0,0,0,0,0,0,0,0,0,0,0,0,0,0,0,0,,0,0,0,32.0882748,34.7882751
בית אור 2 מחלקות סיעודיות,"בית אור ,2 מחלקות סיעודיות",מוסדות סיעוד גריאטרים,פרטי,חנה סנש 7,"ד""ר סטרנין ליובוב",0,0,0,0,0,0,9,0,0,1,1,1,0,0,0,2,2,0,2,0,1,0,0,0,0,0,9,0,0,0,0,,0,0,0,32.0286541,34.7427364
בית חולים בית בלב,בית חולים בית בלב בת ים,בתי חולים למחלות ממושכות,פרטי,שדרות העצמאות 67,"ד""ר מונסטירסקי ליובוב נחמה",0,0,0,0,0,0,0,0,0,0,0,0,0,0,0,0,0,0,0,0,0,0,0,0,0,0,0,0,0,0,0,,0,0,0,32.0281114,34.748518
בית בלב רמת השרון,בית בלב רמת השרון,מוסדות סיעוד גריאטרים,פרטי,יהודה הנשיא 52,"ד""ר כהן טריקה דבורה פאולינה",0,0,0,0,0,0,0,0,0,0,0,0,0,0,0,0,0,0,0,0,0,0,0,0,0,0,0,0,0,0,0,,0,0,0,32.1324485,34.8546743
בית בלב תל אביב,בית בלב תל אביב (לשעבר תל אביב הקטנה),מוסדות סיעוד גריאטרים,פרטי,"בית אל ,34 נוה שרת","ד""ר גולדריי דוד",0,0,0,0,0,0,0,0,0,0,0,0,0,0,0,0,0,0,0,0,0,0,0,0,0,0,0,0,0,0,0,,0,0,0,32.1168392,34.8410532
בית גיל הזהב,מוסד בית גיל הזהב,מוסדות סיעוד גריאטרים,פרטי,משה דיין 66,פרופ' אדונסקי אברהם,0,0,0,0,0,0,2,0,0,0,0,0,1,1,0,0,0,0,0,0,0,1,1,0,0,0,2,0,0,0,0,,0,0,0,32.0585973,34.8004685
בית הקשת,בית הקשת,,,,,0,0,0,0,0,0,0,0,0,0,0,0,0,0,0,0,0,0,0,0,0,0,0,0,0,0,0,0,0,0,0,,0,0,0,32.0905874,34.8182636
בית נורית,בית נורית,,,,,0,0,0,0,0,0,0,0,0,0,0,0,0,0,0,0,0,0,0,0,0,0,0,0,0,0,0,0,0,0,0,,0,0,0,32.0360804,34.7470145
בית גלבוע- גן בעיר,"מוסד גן בעיר - בית גלבוע בע""מ",מוסדות סיעוד גריאטרים,פרטי,"ד""ר כהן 12","ד""ר ורביץ' אלכסנדר",0,0,0,0,0,0,0,0,0,0,0,0,0,0,0,0,0,0,0,0,0,0,0,0,0,0,0,0,0,0,0,,0,0,0,32.0862792,34.8125159
בית גלבוע- גבעתיים,פנסיון בית גלבוע,מוסדות סיעוד גריאטרים,פרטי,בן גוריון 190,"ד""ר בוטורלין איגור",0,0,0,1,0,0,0,0,0,0,1,0,1,0,0,0,0,0,0,0,1,0,0,0,0,0,1,0,0,0,0,,0,0,0,32.0737114,34.8183202
קיבוץ גיל ים,"מחלקה סיעודית בית גיל ים, קיבוץ גליל ים",מחלקות סיעודיות בקיבוצים,פרטי,קיבוץ גליל ים,"ד""ר סילצקי אלכסנדר",0,0,0,0,0,0,2,0,0,0,0,0,0,0,0,0,0,2,0,0,0,0,0,0,0,0,2,0,0,0,0,,0,0,0,32.158797,34.831876
גיל עד,"בית אבות גיל עד, תל השומר",מוסדות סיעוד גריאטרים,ציבורי,"ביתן ,23 בי""ח תל השומר","ד""ר תורגמן דבורה",0,0,0,0,0,0,0,0,0,0,0,0,0,0,0,0,0,0,0,0,0,0,0,0,0,0,0,0,0,0,0,,0,0,0,32.0490693,34.8465756
הבית ברמת השרון,מוסד הבית ברמת השרון,מוסדות סיעוד גריאטרים,פרטי,הנצח 23,"ד""ר קוסיך ורה",0,0,0,0,0,0,0,0,0,0,0,0,0,0,0,0,0,0,0,0,0,0,0,0,0,0,0,0,0,0,0,,0,0,0,32.1407214,34.846281
הדסים,"מוסד הדסים בע""מ",מוסדות סיעוד גריאטרים,פרטי,שאול חדד 10,"ד""ר בלוססקי ישעיהו",0,3,2,0,1,1,6,0,0,4,0,5,4,0,0,0,0,0,0,2,0,0,0,2,2,0,10,0,0,3,0,,3,2,2,32.093632,34.8435035
והדרת פני זקן,מוסד והדרת פני זקן,מוסדות סיעוד גריאטרים,פרטי,שלמה המלך 92 בני ברק,"ד""ר סולודקין סופיה",0,0,0,0,0,0,0,0,0,0,0,0,0,0,0,0,0,0,0,0,0,0,0,0,0,0,0,0,0,0,0,,0,0,0,32.0791158,34.8386992
ויזניץ,מוסד בית שלום ויזניץ,מוסדות סיעוד גריאטרים,ציבורי,דמשק אליעזר 12,"ד""ר לגודינסקי אנה",0,0,0,0,0,0,0,0,0,0,0,0,0,0,0,0,0,0,0,0,0,0,0,0,0,0,0,0,0,0,0,,0,0,0,32.0746067,34.8373787
ויצו,בית הורים של ויצו,מוסדות סיעוד גריאטרים,ציבורי,שדרות דוד המלך 40,"ד""ר ברגינסקי אירינה",0,0,0,0,0,0,0,0,0,0,0,0,0,0,0,0,0,0,0,0,0,0,0,0,0,0,0,0,0,0,0,,0,0,0,32.0798353,34.7877533
מרכז רמת גן לחקר וסיעוד נפגעי אלצהיימר,מרכז רמת גן לחקר וסיעוד נפגעי אלצהיימר,מוסדות סיעוד גריאטרים,ציבורי,"אהרון קציר ,1 תל השומר","ד""ר נוה אלונה",0,0,0,0,0,0,0,0,0,0,0,0,0,0,0,0,0,0,0,0,0,0,0,0,0,0,0,0,0,0,0,,0,0,0,32.0477955,34.8438634
מרכז ותיקים,מרכז סיעוד ותיקים,מוסדות סיעוד גריאטרים,פרטי,עמרם גאון 2,פרופ' בלוססקי ישעיהו,0,0,0,0,0,0,0,0,0,0,0,0,0,0,0,0,0,0,0,0,0,0,0,0,0,0,0,0,0,0,0,,0,0,0,32.0704907,34.8395737
מגדלי נתן,"מוסד מגדלי נתן 2000 (1999) בע""מ",מוסדות סיעוד גריאטרים,פרטי,רחוב לבנדה 38,"ד""ר חבסוב ברטה",0,0,0,0,0,0,0,0,0,0,0,0,0,0,0,0,0,0,0,0,0,0,0,0,0,0,0,0,0,0,0,,0,0,0,32.0572442,34.7831805
מוסד מועדון נוה אביב,מוסד מועדון נוה אביב,מוסדות סיעוד גריאטרים,פרטי,האביב 2,"ד""ר בדזובסקי בנימין",0,0,0,0,0,0,0,0,0,0,0,0,0,0,0,0,0,0,0,0,0,0,0,0,0,0,0,0,0,0,0,,0,0,0,32.1872675,34.81809000000001
             משען חולון,בית אבות משען חולון,מוסדות סיעוד גריאטרים,ציבורי,רחוב ביאליק 33,"ד""ר גרצמן ארנולד",0,0,0,0,0,0,0,0,0,0,0,0,0,0,0,0,0,0,0,0,0,0,0,0,0,0,0,0,0,0,0,,0,0,0,32.0193148,34.7732862
משען גבעתיים,בית אבות משען גבעתיים,מוסדות סיעוד גריאטרים,ציבורי,מצולות ים 12,"ד""ר גוחשטיין בוריס",0,0,0,0,0,0,0,0,0,0,0,0,0,0,0,0,0,0,0,0,0,0,0,0,0,0,0,0,0,0,0,,0,0,0,32.0636322,34.8060205
משען נאות אביבים,בית אבות משען נאות אביבים,מוסדות סיעוד גריאטרים,ציבורי,ברודצקי 68,"ד""ר וויס אברהם",0,0,0,0,0,0,2,0,0,0,0,1,1,0,0,0,0,0,0,0,0,1,1,0,0,0,2,0,0,0,0,,0,0,0,32.1126219,34.7978537
משען נאות אפקה,בית אבות משען נאות אפקה,מוסדות סיעוד גריאטרים,ציבורי,"שלונסקי, נאות אפקה","ד""ר וויס אברהם",0,0,0,0,0,0,0,0,0,0,0,0,0,0,0,0,0,0,0,0,0,0,0,0,0,0,0,0,0,0,0,,0,0,0,32.1175954,34.8194559
בית אבות משען רמת אפעל,בית אבות משען רמת אפעל,מוסדות סיעוד גריאטרים,ציבורי,שדרות הארזים,"ד""ר וויס אברהם",0,0,0,0,0,0,1,0,0,1,0,0,0,0,0,0,0,0,0,0,0,0,0,0,0,0,1,0,0,0,0,,0,0,0,32.049305,34.836332
מעונות מרגוע,מעונות מרגוע,מוסדות סיעוד גריאטרים,פרטי,משה שרת 14,"ד""ר יליאייב לב",0,3,0,0,0,0,4,0,0,0,0,8,2,0,1,0,0,0,0,2,3,2,2,2,2,0,7,0,0,4,0,,3,0,2,32.0850883,34.8179167
משהד,משהד,,,,,0,0,1,0,0,0,5,0,0,0,0,5,1,0,0,0,0,0,0,0,0,0,0,0,0,0,8,0,0,0,0,,0,1,0,32.1510325,34.849595
מעיין,בית הורים מעיין,מוסדות סיעוד גריאטרים,פרטי,הראשונים 18,"ד""ר גולדריי דוד",0,0,0,0,0,0,0,0,0,0,0,0,0,0,0,0,0,0,0,0,0,0,0,0,0,0,0,0,0,0,0,,0,0,0,32.080652,34.8037123
נאות אביב,נאות אביב,,,,,0,0,0,0,0,0,0,0,0,0,0,0,0,0,0,0,0,0,0,0,0,0,0,0,0,0,0,0,0,0,0,,0,0,0,32.0460111,34.7548405
נאות לה גרדיה,לה גרדיה (לשעבר נאות לה גרדיה),מוסדות סיעוד גריאטרים,ציבורי,לה גרדיה 76,"ד""ר זיידנברג לודמילה",0,5,0,0,0,0,7,0,0,0,2,5,0,0,0,0,1,4,0,0,2,1,1,0,0,6,6,0,0,0,0,,5,0,0,32.0591952,34.8010221
נוף חן,נוף חן,מוסדות סיעוד גריאטרים,פרטי,משה שרת 38,"ד""ר קפלן ארנולד",0,0,0,0,0,0,0,0,0,0,0,0,0,0,0,0,0,0,0,0,0,0,0,0,0,0,0,0,0,0,0,,0,0,0,32.0877002,34.8179228
נווה באבוב,בית אבות נוה באבוב,מוסדות סיעוד גריאטרים,פרטי,"האדמו""ר מבאבוב 2","ד""ר עסקרי דוד",0,1,1,0,0,0,0,0,0,0,0,1,1,0,0,0,0,0,0,0,1,1,1,0,0,0,2,0,0,0,0,,1,1,0,32.008479,34.7517059
נאות אבי יפו,מוסד נאות אבי יפו,מוסדות סיעוד גריאטרים,פרטי,ציונה תג'ר 5,"ד""ר עסקרי דוד",0,0,0,0,0,0,5,0,0,4,1,2,0,0,0,2,0,0,0,0,2,1,1,0,0,0,9,0,0,0,0,,0,0,0,32.0477398,34.7531253
נאות התיכון,מוסד נאות התיכון,מוסדות סיעוד גריאטרים,פרטי,טולוז 8 יפו,"ד""ר לוי גורג שמואל",0,1,0,0,0,0,7,0,0,0,0,5,2,0,1,0,0,0,0,5,5,0,0,5,5,1,3,3,0,1,0,,1,0,5,32.040136,34.7483575
נאות מונטיפיורי,נאות מונטיפיורי,,,,,0,0,0,0,0,0,0,0,0,0,0,0,0,0,0,0,0,0,0,0,0,0,0,0,0,0,0,0,0,0,0,,0,0,0,32.069322,34.7910685
בית סוסנסקי,מוסד בית סוסנסקי,מוסדות סיעוד גריאטרים,פרטי,"רח' אמיל זולה ,2ת.ד. 98","ד""ר סמו חיים",0,0,0,0,0,0,0,0,0,0,0,0,0,0,0,0,0,0,0,0,0,0,0,0,0,0,0,0,0,0,0,,0,0,0,32.0639951,34.8577997
עד 120 רמת החיל,עד 120 רמת החייל,מוסדות סיעוד גריאטרים,פרטי,ראול וולנברג 32,"ד""ר חלבה אהרן",0,0,0,0,0,0,0,0,0,0,0,0,0,0,0,0,0,0,0,0,0,0,0,0,0,0,0,0,0,0,0,,0,0,0,32.1139053,34.8403561
בית הורים עולי הולנד,בית הורים עולי הולנד,מוסדות סיעוד גריאטרים,ציבורי,דוד רזיאל 22,"ד""ר מנביץ דימטרי",0,0,0,0,0,0,0,0,0,0,0,0,0,0,0,0,0,0,0,0,0,0,0,0,0,0,0,0,0,0,0,,0,0,0,32.1566017,34.8481081
עטרת רימונים,מוסד עטרת רימונים,מוסדות סיעוד גריאטרים,פרטי,אהרונוביץ 10,"ד""ר רפופורט רימה",0,0,0,0,0,0,0,0,0,0,0,0,0,0,0,0,0,0,0,0,0,0,0,0,0,0,0,0,0,0,0,,0,0,0,32.0911783,34.8388247
עטרת אבות,מוסד ביחד - עטרת אבות,מוסדות סיעוד גריאטרים,פרטי,עזרא 11,"ד""ר ליכטנשטיין אנטולי",0,0,0,0,0,0,0,0,0,0,0,0,0,0,0,0,0,0,0,0,0,0,0,0,0,0,0,0,0,0,0,,0,0,0,32.08018,34.8393178
עירוני הרצליה,"בית הורים עירוני, בית שלום ע""ש כספי",מוסדות סיעוד גריאטרים,רשות מקומית,אנה פרנק 10,"ד""ר קווצ'ר מרי",0,0,0,0,0,0,0,0,0,0,0,0,0,0,0,0,0,0,0,0,0,0,0,0,0,0,0,0,0,0,0,,0,0,0,32.175723,34.8477201
עירוני רמת גן ,עירוני רמת גן ,,,,,0,0,0,0,0,0,0,0,0,0,0,0,0,0,0,0,0,0,0,0,0,0,0,0,0,0,0,0,0,0,0,,0,0,0,32.0856502,34.8137076
פאלאס מדיקל,מוסד סיעודי פאלאס מדיקל,מוסדות סיעוד גריאטרים,פרטי,ויצמן 16,פרופ' מיטלמן משה מרדכי,0,0,0,0,0,0,0,0,0,0,0,0,0,0,0,0,0,0,0,0,0,0,0,0,0,0,0,0,0,0,0,,0,0,0,32.081917,34.788982
פנחס רוזן,"בית הורים ע""ש פנחס רוזן של ארגון יוצאי מרכז אירופה",מוסדות סיעוד גריאטרים,ציבורי,"אלוף דוד ,185 רמת חן","ד""ר לובצקי בני אהרון",0,0,0,0,0,0,0,0,0,0,0,0,0,0,0,0,0,0,0,0,0,0,0,0,0,0,0,0,0,0,0,,0,0,0,32.0534609,34.8156141
בית פרוטיאה,מוסד לחולים כרוניים בית פרוטיאה,מוסדות סיעוד גריאטרים,ציבורי,אשר ברש 5,"ד""ר בר אל חיים",0,0,0,0,0,0,0,0,0,0,0,0,0,0,0,0,0,0,0,0,0,0,0,0,0,0,0,0,0,0,0,,0,0,0,32.1709677,34.8382215
צהלון,בית אבות צהלון,מוסדות סיעוד גריאטרים,ציבורי,שדרות ירושלים 100,"ד""ר זיידנברג לודמילה",0,0,0,0,0,0,0,0,0,0,0,0,0,0,0,0,0,0,0,0,0,0,0,0,0,0,0,0,0,0,0,,0,0,0,32.0452436,34.7580928
TLC צומת סביון,טנדר לאבינג קר צומת סביון,מוסדות סיעוד גריאטרים,פרטי,האיריס 9,"ד""ר ליכטנשטיין אנטולי",0,0,0,0,0,0,0,0,0,0,0,0,0,0,0,0,0,0,0,0,0,0,0,0,0,0,0,0,0,0,0,,0,0,0,32.0321402,34.86830339999999
רעות ליכטנשטדר,רעות ליכטנשטדר,,,,,0,0,0,0,0,0,0,0,0,0,0,0,0,0,0,0,0,0,0,0,0,0,0,0,0,0,0,0,0,0,0,,0,0,0,32.0565626,34.7901209
קרית שלום,מוסד קרית שלום,מוסדות סיעוד גריאטרים,פרטי,"הקשת ,26 קרית שלום","ד""ר זלצר דוד",0,0,0,0,0,0,0,0,0,0,0,0,0,0,0,0,0,0,0,0,0,0,0,0,0,0,0,0,0,0,0,,0,0,0,32.0444747,34.7748362
שבעת הכוכבים,סיעודית שבעת הכוכבים,מוסדות סיעוד גריאטרים,פרטי,נילי 51,פרופ' ירצקי אברהם,0,0,0,0,0,0,0,0,0,0,0,0,0,0,0,0,0,0,0,0,0,0,0,0,0,0,0,0,0,0,0,,0,0,0,32.1740484,34.80799620000001
שלווה גבעתיים,מוסד שלוה גבעתיים,מוסדות סיעוד גריאטרים,ציבורי,מצולות ים 1,"ד""ר קולומנקין תמרה",0,2,1,0,0,0,5,0,0,3,0,3,0,0,0,0,0,2,0,0,2,2,2,0,0,0,8,0,0,0,0,,2,1,0,32.0644437,34.8060829
שלמה המלך,"בית אבות שלמה המלך בע""מ (לשעבר ערוגות הבושם)",מוסדות סיעוד גריאטרים,פרטי,שלמה המלך 27,"ד""ר קמלמן פולינה",0,2,0,2,0,0,3,0,0,2,0,4,0,0,0,1,0,0,0,2,0,2,2,2,2,0,7,0,0,0,0,,2,0,2,32.078387,34.8397305
